insert into slocal(lcode, lname) values('11','서울특별시');
insert into slocal(lcode, lname) values('11010','종로구');
insert into slocal(lcode, lname) values('11020','중구');
insert into slocal(lcode, lname) values('11030','용산구');
insert into slocal(lcode, lname) values('11040','성동구');
insert into slocal(lcode, lname) values('11050','광진구');
insert into slocal(lcode, lname) values('11060','동대문구');
insert into slocal(lcode, lname) values('11070','중랑구');
insert into slocal(lcode, lname) values('11080','성북구');
insert into slocal(lcode, lname) values('11090','강북구');
insert into slocal(lcode, lname) values('11100','도봉구');
insert into slocal(lcode, lname) values('11110','노원구');
insert into slocal(lcode, lname) values('11120','은평구');
insert into slocal(lcode, lname) values('11130','서대문구');
insert into slocal(lcode, lname) values('11140','마포구');
insert into slocal(lcode, lname) values('11150','양천구');
insert into slocal(lcode, lname) values('11160','강서구');
insert into slocal(lcode, lname) values('11170','구로구');
insert into slocal(lcode, lname) values('11180','금천구');
insert into slocal(lcode, lname) values('11190','영등포구');
insert into slocal(lcode, lname) values('11200','동작구');
insert into slocal(lcode, lname) values('11210','관악구');
insert into slocal(lcode, lname) values('11220','서초구');
insert into slocal(lcode, lname) values('11230','강남구');
insert into slocal(lcode, lname) values('11240','송파구');
insert into slocal(lcode, lname) values('11250','강동구');
insert into slocal(lcode, lname) values('21','부산광역시');
insert into slocal(lcode, lname) values('21010','중구');
insert into slocal(lcode, lname) values('21020','서구');
insert into slocal(lcode, lname) values('21030','동구');
insert into slocal(lcode, lname) values('21040','영도구');
insert into slocal(lcode, lname) values('21050','부산진구');
insert into slocal(lcode, lname) values('21060','동래구');
insert into slocal(lcode, lname) values('21070','남구');
insert into slocal(lcode, lname) values('21080','북구');
insert into slocal(lcode, lname) values('21090','해운대구');
insert into slocal(lcode, lname) values('21100','사하구');
insert into slocal(lcode, lname) values('21110','금정구');
insert into slocal(lcode, lname) values('21120','강서구');
insert into slocal(lcode, lname) values('21130','연제구');
insert into slocal(lcode, lname) values('21140','수영구');
insert into slocal(lcode, lname) values('21150','사상구');
insert into slocal(lcode, lname) values('21310','기장군');
insert into slocal(lcode, lname) values('22','대구광역시');
insert into slocal(lcode, lname) values('22010','중구');
insert into slocal(lcode, lname) values('22020','동구');
insert into slocal(lcode, lname) values('22030','서구');
insert into slocal(lcode, lname) values('22040','남구');
insert into slocal(lcode, lname) values('22050','북구');
insert into slocal(lcode, lname) values('22060','수성구');
insert into slocal(lcode, lname) values('22070','달서구');
insert into slocal(lcode, lname) values('22310','달성군');
insert into slocal(lcode, lname) values('23','인천광역시');
insert into slocal(lcode, lname) values('23010','중구');
insert into slocal(lcode, lname) values('23020','동구');
insert into slocal(lcode, lname) values('23030','남구');
insert into slocal(lcode, lname) values('23040','연수구');
insert into slocal(lcode, lname) values('23050','남동구');
insert into slocal(lcode, lname) values('23060','부평구');
insert into slocal(lcode, lname) values('23070','계양구');
insert into slocal(lcode, lname) values('23080','서구');
insert into slocal(lcode, lname) values('23310','강화군');
insert into slocal(lcode, lname) values('23320','옹진군');
insert into slocal(lcode, lname) values('24','광주광역시');
insert into slocal(lcode, lname) values('24010','동구');
insert into slocal(lcode, lname) values('24020','서구');
insert into slocal(lcode, lname) values('24030','남구');
insert into slocal(lcode, lname) values('24040','북구');
insert into slocal(lcode, lname) values('24050','광산구');
insert into slocal(lcode, lname) values('25','대전광역시');
insert into slocal(lcode, lname) values('25010','동구');
insert into slocal(lcode, lname) values('25020','중구');
insert into slocal(lcode, lname) values('25030','서구');
insert into slocal(lcode, lname) values('25040','유성구');
insert into slocal(lcode, lname) values('25050','대덕구');
insert into slocal(lcode, lname) values('26','울산광역시');
insert into slocal(lcode, lname) values('26010','중구');
insert into slocal(lcode, lname) values('26020','남구');
insert into slocal(lcode, lname) values('26030','동구');
insert into slocal(lcode, lname) values('26040','북구');
insert into slocal(lcode, lname) values('26310','울주군');
insert into slocal(lcode, lname) values('29','세종특별자치시');
insert into slocal(lcode, lname) values('29010','세종시');
insert into slocal(lcode, lname) values('31','경기도');
insert into slocal(lcode, lname) values('31010','수원시');
insert into slocal(lcode, lname) values('31011','장안구');
insert into slocal(lcode, lname) values('31012','권선구');
insert into slocal(lcode, lname) values('31013','팔달구');
insert into slocal(lcode, lname) values('31014','영통구');
insert into slocal(lcode, lname) values('31020','성남시');
insert into slocal(lcode, lname) values('31021','수정구');
insert into slocal(lcode, lname) values('31022','중원구');
insert into slocal(lcode, lname) values('31023','분당구');
insert into slocal(lcode, lname) values('31030','의정부시');
insert into slocal(lcode, lname) values('31040','안양시');
insert into slocal(lcode, lname) values('31041','만안구');
insert into slocal(lcode, lname) values('31042','동안구');
insert into slocal(lcode, lname) values('31050','부천시');
insert into slocal(lcode, lname) values('31051','원미구');
insert into slocal(lcode, lname) values('31052','소사구');
insert into slocal(lcode, lname) values('31053','오정구');
insert into slocal(lcode, lname) values('31060','광명시');
insert into slocal(lcode, lname) values('31070','평택시');
insert into slocal(lcode, lname) values('31080','동두천시');
insert into slocal(lcode, lname) values('31090','안산시');
insert into slocal(lcode, lname) values('31091','상록구');
insert into slocal(lcode, lname) values('31092','단원구');
insert into slocal(lcode, lname) values('31100','고양시');
insert into slocal(lcode, lname) values('31101','덕양구');
insert into slocal(lcode, lname) values('31103','일산동구');
insert into slocal(lcode, lname) values('31104','일산서구');
insert into slocal(lcode, lname) values('31110','과천시');
insert into slocal(lcode, lname) values('31120','구리시');
insert into slocal(lcode, lname) values('31130','남양주시');
insert into slocal(lcode, lname) values('31140','오산시');
insert into slocal(lcode, lname) values('31150','시흥시');
insert into slocal(lcode, lname) values('31160','군포시');
insert into slocal(lcode, lname) values('31170','의왕시');
insert into slocal(lcode, lname) values('31180','하남시');
insert into slocal(lcode, lname) values('31190','용인시');
insert into slocal(lcode, lname) values('31191','처인구');
insert into slocal(lcode, lname) values('31192','기흥구');
insert into slocal(lcode, lname) values('31193','수지구');
insert into slocal(lcode, lname) values('31200','파주시');
insert into slocal(lcode, lname) values('31210','이천시');
insert into slocal(lcode, lname) values('31220','안성시');
insert into slocal(lcode, lname) values('31230','김포시');
insert into slocal(lcode, lname) values('31240','화성시');
insert into slocal(lcode, lname) values('31250','광주시');
insert into slocal(lcode, lname) values('31260','양주시');
insert into slocal(lcode, lname) values('31270','포천시');
insert into slocal(lcode, lname) values('31280','여주시');
insert into slocal(lcode, lname) values('31350','연천군');
insert into slocal(lcode, lname) values('31370','가평군');
insert into slocal(lcode, lname) values('31380','양평군');
insert into slocal(lcode, lname) values('32','강원도');
insert into slocal(lcode, lname) values('32010','춘천시');
insert into slocal(lcode, lname) values('32020','원주시');
insert into slocal(lcode, lname) values('32030','강릉시');
insert into slocal(lcode, lname) values('32040','동해시');
insert into slocal(lcode, lname) values('32050','태백시');
insert into slocal(lcode, lname) values('32060','속초시');
insert into slocal(lcode, lname) values('32070','삼척시');
insert into slocal(lcode, lname) values('32310','홍천군');
insert into slocal(lcode, lname) values('32320','횡성군');
insert into slocal(lcode, lname) values('32330','영월군');
insert into slocal(lcode, lname) values('32340','평창군');
insert into slocal(lcode, lname) values('32350','정선군');
insert into slocal(lcode, lname) values('32360','철원군');
insert into slocal(lcode, lname) values('32370','화천군');
insert into slocal(lcode, lname) values('32380','양구군');
insert into slocal(lcode, lname) values('32390','인제군');
insert into slocal(lcode, lname) values('32400','고성군');
insert into slocal(lcode, lname) values('32410','양양군');
insert into slocal(lcode, lname) values('33','충청북도');
insert into slocal(lcode, lname) values('33040','청주시');
insert into slocal(lcode, lname) values('33041','상당구');
insert into slocal(lcode, lname) values('33042','서원구');
insert into slocal(lcode, lname) values('33043','흥덕구');
insert into slocal(lcode, lname) values('33044','청원구');
insert into slocal(lcode, lname) values('33020','충주시');
insert into slocal(lcode, lname) values('33030','제천시');
insert into slocal(lcode, lname) values('33320','보은군');
insert into slocal(lcode, lname) values('33330','옥천군');
insert into slocal(lcode, lname) values('33340','영동군');
insert into slocal(lcode, lname) values('33350','진천군');
insert into slocal(lcode, lname) values('33360','괴산군');
insert into slocal(lcode, lname) values('33370','음성군');
insert into slocal(lcode, lname) values('33380','단양군');
insert into slocal(lcode, lname) values('33390','증평군');
insert into slocal(lcode, lname) values('34','충청남도');
insert into slocal(lcode, lname) values('34010','천안시');
insert into slocal(lcode, lname) values('34011','동남구');
insert into slocal(lcode, lname) values('34012','서북구');
insert into slocal(lcode, lname) values('34020','공주시');
insert into slocal(lcode, lname) values('34030','보령시');
insert into slocal(lcode, lname) values('34040','아산시');
insert into slocal(lcode, lname) values('34050','서산시');
insert into slocal(lcode, lname) values('34060','논산시');
insert into slocal(lcode, lname) values('34070','계룡시');
insert into slocal(lcode, lname) values('34080','당진시');
insert into slocal(lcode, lname) values('34310','금산군');
insert into slocal(lcode, lname) values('34330','부여군');
insert into slocal(lcode, lname) values('34340','서천군');
insert into slocal(lcode, lname) values('34350','청양군');
insert into slocal(lcode, lname) values('34360','홍성군');
insert into slocal(lcode, lname) values('34370','예산군');
insert into slocal(lcode, lname) values('34380','태안군');
insert into slocal(lcode, lname) values('35','전라북도');
insert into slocal(lcode, lname) values('35010','전주시');
insert into slocal(lcode, lname) values('35011','완산구');
insert into slocal(lcode, lname) values('35012','덕진구');
insert into slocal(lcode, lname) values('35020','군산시');
insert into slocal(lcode, lname) values('35030','익산시');
insert into slocal(lcode, lname) values('35040','정읍시');
insert into slocal(lcode, lname) values('35050','남원시');
insert into slocal(lcode, lname) values('35060','김제시');
insert into slocal(lcode, lname) values('35310','완주군');
insert into slocal(lcode, lname) values('35320','진안군');
insert into slocal(lcode, lname) values('35330','무주군');
insert into slocal(lcode, lname) values('35340','장수군');
insert into slocal(lcode, lname) values('35350','임실군');
insert into slocal(lcode, lname) values('35360','순창군');
insert into slocal(lcode, lname) values('35370','고창군');
insert into slocal(lcode, lname) values('35380','부안군');
insert into slocal(lcode, lname) values('36','전라남도');
insert into slocal(lcode, lname) values('36010','목포시');
insert into slocal(lcode, lname) values('36020','여수시');
insert into slocal(lcode, lname) values('36030','순천시');
insert into slocal(lcode, lname) values('36040','나주시');
insert into slocal(lcode, lname) values('36060','광양시');
insert into slocal(lcode, lname) values('36310','담양군');
insert into slocal(lcode, lname) values('36320','곡성군');
insert into slocal(lcode, lname) values('36330','구례군');
insert into slocal(lcode, lname) values('36350','고흥군');
insert into slocal(lcode, lname) values('36360','보성군');
insert into slocal(lcode, lname) values('36370','화순군');
insert into slocal(lcode, lname) values('36380','장흥군');
insert into slocal(lcode, lname) values('36390','강진군');
insert into slocal(lcode, lname) values('36400','해남군');
insert into slocal(lcode, lname) values('36410','영암군');
insert into slocal(lcode, lname) values('36420','무안군');
insert into slocal(lcode, lname) values('36430','함평군');
insert into slocal(lcode, lname) values('36440','영광군');
insert into slocal(lcode, lname) values('36450','장성군');
insert into slocal(lcode, lname) values('36460','완도군');
insert into slocal(lcode, lname) values('36470','진도군');
insert into slocal(lcode, lname) values('36480','신안군');
insert into slocal(lcode, lname) values('37','경상북도');
insert into slocal(lcode, lname) values('37010','포항시');
insert into slocal(lcode, lname) values('37011','남구');
insert into slocal(lcode, lname) values('37012','북구');
insert into slocal(lcode, lname) values('37020','경주시');
insert into slocal(lcode, lname) values('37030','김천시');
insert into slocal(lcode, lname) values('37040','안동시');
insert into slocal(lcode, lname) values('37050','구미시');
insert into slocal(lcode, lname) values('37060','영주시');
insert into slocal(lcode, lname) values('37070','영천시');
insert into slocal(lcode, lname) values('37080','상주시');
insert into slocal(lcode, lname) values('37090','문경시');
insert into slocal(lcode, lname) values('37100','경산시');
insert into slocal(lcode, lname) values('37310','군위군');
insert into slocal(lcode, lname) values('37320','의성군');
insert into slocal(lcode, lname) values('37330','청송군');
insert into slocal(lcode, lname) values('37340','영양군');
insert into slocal(lcode, lname) values('37350','영덕군');
insert into slocal(lcode, lname) values('37360','청도군');
insert into slocal(lcode, lname) values('37370','고령군');
insert into slocal(lcode, lname) values('37380','성주군');
insert into slocal(lcode, lname) values('37390','칠곡군');
insert into slocal(lcode, lname) values('37400','예천군');
insert into slocal(lcode, lname) values('37410','봉화군');
insert into slocal(lcode, lname) values('37420','울진군');
insert into slocal(lcode, lname) values('37430','울릉군');
insert into slocal(lcode, lname) values('38','경상남도');
insert into slocal(lcode, lname) values('38110','창원시');
insert into slocal(lcode, lname) values('38111','의창구');
insert into slocal(lcode, lname) values('38112','성산구');
insert into slocal(lcode, lname) values('38113','마산합포구');
insert into slocal(lcode, lname) values('38114','마산회원구');
insert into slocal(lcode, lname) values('38115','진해구');
insert into slocal(lcode, lname) values('38030','진주시');
insert into slocal(lcode, lname) values('38050','통영시');
insert into slocal(lcode, lname) values('38060','사천시');
insert into slocal(lcode, lname) values('38070','김해시');
insert into slocal(lcode, lname) values('38080','밀양시');
insert into slocal(lcode, lname) values('38090','거제시');
insert into slocal(lcode, lname) values('38100','양산시');
insert into slocal(lcode, lname) values('38310','의령군');
insert into slocal(lcode, lname) values('38320','함안군');
insert into slocal(lcode, lname) values('38330','창녕군');
insert into slocal(lcode, lname) values('38340','고성군');
insert into slocal(lcode, lname) values('38350','남해군');
insert into slocal(lcode, lname) values('38360','하동군');
insert into slocal(lcode, lname) values('38370','산청군');
insert into slocal(lcode, lname) values('38380','함양군');
insert into slocal(lcode, lname) values('38390','거창군');
insert into slocal(lcode, lname) values('38400','합천군');
insert into slocal(lcode, lname) values('39','제주특별자치도');
insert into slocal(lcode, lname) values('39010','제주시');
insert into slocal(lcode, lname) values('39020','서귀포시');
 
// ------------------------------------------
drop sequence mno;
create sequence mno increment by 1 start with 1; 
 
insert into members
values(mno.nextval, 'u01@test.com','1111', '홍길동', '72/01/01', '의적', '010-1111-1111', 1, null,'홍길동입니다.', '39020');
insert into members
values(mno.nextval, 'u02@test.com','2222', '유관순', '72/02/01', '만세', '010-1111-2222', 2, null,'유관순입니다.', '39010');
insert into members
values(mno.nextval, 'u03@test.com','3333', '정도전', '72/03/01', '삼봉', '010-1111-3333', 1, null,'정도전입니다.', '11010');
insert into members
values(mno.nextval, 'u04@test.com','4444', '정몽주', '72/04/01', '포은', '010-1111-4444', 1, null,'정몽주입니다.', '11230');
insert into members
values(mno.nextval, 'u05@test.com','5555', '조현권', '72/01/01', '현권', '010-1112-1111', 1, null,'조현권입니다.', '39020');
insert into members
values(mno.nextval, 'u06@test.com','6666', '김광철', '72/02/01', '광철', '010-1112-2222', 1, null,'김광철입니다.', '39010');
insert into members
values(mno.nextval, 'u07@test.com','7777', '권영근', '72/03/01', '영근', '010-1112-3333', 1, null,'권영근입니다.', '11010');
insert into members
values(mno.nextval, 'u08@test.com','8888', '정세라', '72/04/01', '세라', '010-1112-4444', 2, null,'정세라입니다.', '11230');
insert into members
values(mno.nextval, 'u09@test.com','9999', '김다은', '72/04/01', '다은', '010-1111-5555', 2, null,'김다은입니다.', '11230');
insert into members
values(mno.nextval, 'u10@test.com','1111', '현나래', '72/04/01', '나래', '010-1111-6666', 2, null,'현나래입니다.', '11230');
insert into members
values(mno.nextval, 'u11@test.com','2222', '강다현', '72/04/01', '다현', '010-1111-7777', 2, null,'강다현입니다.', '11230');
insert into members
values(mno.nextval, 'u12@test.com','3333', '나정담', '72/04/01', '정담', '010-1111-8888', 2, null,'나정담입니다.', '11230');
 
select * from members;
// ------------------------------------------
drop sequence bmno;
create sequence bmno increment by 1 start with 1; 
 
 
insert into bmaster
values(bmno.nextval, '문화');
insert into bmaster
values(bmno.nextval, '건강');
insert into bmaster
values(bmno.nextval, '계발');
insert into bmaster
values(bmno.nextval, '레저');
insert into bmaster
values(bmno.nextval, '미용');
insert into bmaster
values(bmno.nextval, '유흥');
 
select * from bmaster;
 
 delete iboard;

// ------------------------------------------
drop sequence bno;
create sequence bno increment by 1 start with 1; 
 
insert into iboard
values(bno.nextval,1,1,'자력모임','자력갱생합시다.',3,'15/01/08','15/02/05','15/01/06',0,'39020');
insert into iboard
values(bno.nextval,1,2,'태극모임','태극철학 나눕시다.',3,'15/01/08','15/02/05','15/01/06',0,'39010');
insert into iboard
values(bno.nextval,1,3,'문화 3 모임','문화 3 모임입니다.',3,'15/01/08','15/02/05','15/01/06',0,'11010');
insert into iboard
values(bno.nextval,1,4,'문화 4 모임','문화 4 모임입니다.',3,'15/01/08','15/02/05','15/01/06',0,'11010');
insert into iboard
values(bno.nextval,1,5,'문화 5 모임','문화 5 모임입니다.',3,'15/01/08','15/02/06','15/01/06',0,'11010');
insert into iboard
values(bno.nextval,1,5,'방과후) 독서요정 모임','여고생만 ㅇㅇ',3,'15/01/28','15/02/16','15/01/06',1,'11010');
insert into iboard
values(bno.nextval,1,6,'문화 6 모임','문화 6 모임입니다.',3,'15/01/09','15/02/07','15/01/06',0,'11230');
insert into iboard
values(bno.nextval,2,1,'훈련모임','훈련합시다.',3,'15/01/08','15/02/05','15/01/06',0,'39020');
insert into iboard
values(bno.nextval,2,2,'만세모임','만세합시다.',3,'15/01/08','15/02/05','15/01/06',0,'39010');
insert into iboard
values(bno.nextval,2,3,'도전모임','도전합시다.',3,'15/01/08','15/02/05','15/01/06',0,'11010');
insert into iboard
values(bno.nextval,2,4,'단심모임','단심합시다.',3,'15/01/08','15/02/05','15/01/06',0,'11230');
insert into iboard
values(bno.nextval,2,5,'헬스마스터','조현권의 생간지근육',3,'15/01/11','15/02/05','15/01/06',0,'11230');
insert into iboard
values(bno.nextval,3,1,'계발모임1','계발모임1 입니다.',3,'15/01/08','15/02/05','15/01/06',0,'39020');
insert into iboard
values(bno.nextval,3,2,'계발모임2','계발모임2 입니다.',3,'15/01/08','15/02/05','15/01/06',0,'39010');
insert into iboard
values(bno.nextval,3,3,'계발모임3','계발모임3 입니다.',3,'15/01/08','15/02/05','15/01/06',0,'11010');
insert into iboard
values(bno.nextval,3,4,'계발모임4','계발모임4 입니다.',3,'15/01/08','15/02/05','15/01/06',0,'11230');
insert into iboard
values(bno.nextval,3,5,'(철학)산은산이고 물은 물이로다','철학은 사랑하는 사람들의 모임',3,'15/01/14','15/03/05','15/01/06',0,'11010');
insert into iboard
values(bno.nextval,4,1,'레저모임1','레저모임1 입니다.',3,'15/01/08','15/02/05','15/01/06',0,'39020');
insert into iboard
values(bno.nextval,4,2,'레저모임2','레저모임2 입니다.',3,'15/01/08','15/02/05','15/01/06',0,'39010');
insert into iboard
values(bno.nextval,4,3,'레저모임3','레저모임3 입니다.',3,'15/01/08','15/02/05','15/01/06',0,'11010');
insert into iboard
values(bno.nextval,4,4,'레저모임4','레저모임4 입니다.',3,'15/01/08','15/02/05','15/01/06',0,'11230');
insert into iboard
values(bno.nextval,4,5,'(e-sports) 점심 스타크래프트','점심 스타모임',8,'15/01/18','15/02/05','15/01/06',0,'11010');
insert into iboard
values(bno.nextval,5,1,'미용모임1','미용모임1 입니다.',3,'15/01/08','15/02/05','15/01/06',0,'39020');
insert into iboard
values(bno.nextval,5,2,'미용모임2','미용모임2 입니다.',3,'15/01/08','15/02/05','15/01/06',0,'39010');
insert into iboard
values(bno.nextval,5,3,'미용모임3','미용모임3 입니다.',3,'15/01/08','15/02/05','15/01/06',0,'11010');
insert into iboard
values(bno.nextval,5,4,'미용모임4','미용모임4 입니다.',3,'15/01/08','15/02/05','15/01/06',0,'11230');
insert into iboard
values(bno.nextval,5,5,'(남성화장/영등포/초식남) 부드러운','화장하고 샐러드 먹는 남자 모임',3,'15/01/08','15/02/05','15/01/06',0,'11230');
insert into iboard
values(bno.nextval,6,1,'유흥모임1','유흥모임1 입니다.',3,'15/01/08','15/02/05','15/01/06',0,'39020');
insert into iboard
values(bno.nextval,6,2,'유흥모임2','유흥모임2 입니다.',3,'15/01/08','15/02/05','15/01/06',0,'39010');
insert into iboard
values(bno.nextval,6,3,'유흥모임3','유흥모임3 입니다.',3,'15/01/08','15/02/05','15/01/06',0,'11010');
insert into iboard
values(bno.nextval,6,4,'유흥모임4','유흥모임4 입니다.',3,'15/01/08','15/02/05','15/01/06',0,'11230');
insert into iboard
values(bno.nextval,6,5,'오로로로로,래로래로래 귀여운 모임','마초같은 남자들의 소녀감성 모임 (오로로로로).',3,'15/01/08','15/02/05','15/01/06',0,'11230');
insert into iboard values(bno.nextval,6,8,'주말 스타유저 모집~!!','주말에 스타하실 분들 모십니다.',3,'15/01/10','15/02/05','15/01/06',0,'11010');

insert into iboard values(bno.nextval,6,8,'게임 모집 1','게임 모집 합니다. 1',3,'15/01/10','15/02/05','15/01/06',0,'11010');
insert into iboard values(bno.nextval,6,8,'게임 모집 2','게임 모집 합니다. 2',3,'15/01/10','15/02/05','15/01/06',0,'11010');
insert into iboard values(bno.nextval,6,8,'게임 모집 3','게임 모집 합니다. 3',3,'15/01/10','15/02/05','15/01/06',0,'11010');
insert into iboard values(bno.nextval,6,8,'게임 모집 4','게임 모집 합니다. 4',3,'15/01/10','15/02/05','15/01/06',0,'11010');
insert into iboard values(bno.nextval,6,8,'게임 모집 5','게임 모집 합니다. 5',3,'15/01/10','15/02/05','15/01/06',0,'11010');
insert into iboard values(bno.nextval,6,8,'게임 모집 6','게임 모집 합니다. 6',3,'15/01/10','15/02/05','15/01/06',0,'11010');
insert into iboard values(bno.nextval,6,8,'게임 모집 7','게임 모집 합니다. 7',3,'15/01/10','15/02/05','15/01/06',0,'11010');
insert into iboard values(bno.nextval,6,8,'게임 모집 8','게임 모집 합니다. 8',3,'15/01/10','15/02/05','15/01/06',0,'11010');
insert into iboard values(bno.nextval,6,8,'게임 모집 9','게임 모집 합니다. 9',3,'15/01/10','15/02/05','15/01/06',0,'11010');
insert into iboard values(bno.nextval,6,8,'게임 모집 10','게임 모집 합니다. 10',3,'15/01/10','15/02/05','15/01/06',0,'11010');
insert into iboard values(bno.nextval,6,8,'게임 모집 11','게임 모집 합니다. 11',3,'15/01/10','15/02/05','15/01/06',0,'11010');
insert into iboard values(bno.nextval,6,8,'게임 모집 12','게임 모집 합니다. 12',3,'15/01/10','15/02/05','15/01/06',0,'11010');
insert into iboard values(bno.nextval,6,8,'게임 모집 13','게임 모집 합니다. 13',3,'15/01/10','15/02/05','15/01/06',0,'11010');
insert into iboard values(bno.nextval,6,8,'게임 모집 14','게임 모집 합니다. 14',3,'15/01/10','15/02/05','15/01/06',0,'11010');
insert into iboard values(bno.nextval,6,8,'게임 모집 15','게임 모집 합니다. 15',3,'15/01/10','15/02/05','15/01/06',0,'11010');
insert into iboard values(bno.nextval,6,8,'게임 모집 16','게임 모집 합니다. 16',3,'15/01/10','15/02/05','15/01/06',0,'11010');
insert into iboard values(bno.nextval,6,8,'게임 모집 17','게임 모집 합니다. 17',3,'15/01/10','15/02/05','15/01/06',0,'11010');
insert into iboard values(bno.nextval,6,8,'게임 모집 18','게임 모집 합니다. 18',3,'15/01/10','15/02/05','15/01/06',0,'11010');
insert into iboard values(bno.nextval,6,8,'게임 모집 19','게임 모집 합니다. 19',3,'15/01/10','15/02/05','15/01/06',0,'11010');
insert into iboard values(bno.nextval,6,8,'게임 모집 20','게임 모집 합니다. 20',3,'15/01/10','15/02/05','15/01/06',0,'11010');
insert into iboard values(bno.nextval,6,8,'게임 모집 21','게임 모집 합니다. 21',3,'15/01/10','15/02/05','15/01/06',0,'11010');
insert into iboard values(bno.nextval,6,8,'게임 모집 22','게임 모집 합니다. 22',3,'15/01/10','15/02/05','15/01/06',0,'11010');
insert into iboard values(bno.nextval,6,8,'게임 모집 23','게임 모집 합니다. 23',3,'15/01/10','15/02/05','15/01/06',0,'11010');
insert into iboard values(bno.nextval,6,8,'게임 모집 24','게임 모집 합니다. 24',3,'15/01/10','15/02/05','15/01/06',0,'11010');
insert into iboard values(bno.nextval,6,8,'게임 모집 25','게임 모집 합니다. 25',3,'15/01/10','15/02/05','15/01/06',0,'11010');
insert into iboard values(bno.nextval,6,8,'게임 모집 26','게임 모집 합니다. 26',3,'15/01/10','15/02/05','15/01/06',0,'11010');
insert into iboard values(bno.nextval,6,8,'게임 모집 27','게임 모집 합니다. 27',3,'15/01/10','15/02/05','15/01/06',0,'11010');
insert into iboard values(bno.nextval,6,8,'게임 모집 28','게임 모집 합니다. 28',3,'15/01/10','15/02/05','15/01/06',0,'11010');
insert into iboard values(bno.nextval,6,8,'게임 모집 29','게임 모집 합니다. 29',3,'15/01/10','15/02/05','15/01/06',0,'11010');
insert into iboard values(bno.nextval,6,8,'게임 모집 30','게임 모집 합니다. 30',3,'15/01/10','15/02/05','15/01/06',0,'11010');
insert into iboard values(bno.nextval,6,8,'게임 모집 31','게임 모집 합니다. 31',3,'15/01/10','15/02/05','15/01/06',0,'11010');
insert into iboard values(bno.nextval,6,8,'게임 모집 32','게임 모집 합니다. 32',3,'15/01/10','15/02/05','15/01/06',0,'11010');
insert into iboard values(bno.nextval,6,8,'게임 모집 33','게임 모집 합니다. 33',3,'15/01/10','15/02/05','15/01/06',0,'11010');
insert into iboard values(bno.nextval,6,8,'게임 모집 34','게임 모집 합니다. 34',3,'15/01/10','15/02/05','15/01/06',0,'11010');
insert into iboard values(bno.nextval,6,8,'게임 모집 35','게임 모집 합니다. 35',3,'15/01/10','15/02/05','15/01/06',0,'11010');
insert into iboard values(bno.nextval,6,8,'게임 모집 36','게임 모집 합니다. 36',3,'15/01/10','15/02/05','15/01/06',0,'11010');
insert into iboard values(bno.nextval,6,8,'게임 모집 37','게임 모집 합니다. 37',3,'15/01/10','15/02/05','15/01/06',0,'11010');
insert into iboard values(bno.nextval,6,8,'게임 모집 38','게임 모집 합니다. 38',3,'15/01/10','15/02/05','15/01/06',0,'11010');
insert into iboard values(bno.nextval,6,8,'게임 모집 39','게임 모집 합니다. 39',3,'15/01/10','15/02/05','15/01/06',0,'11010');
insert into iboard values(bno.nextval,6,8,'게임 모집 40','게임 모집 합니다. 40',3,'15/01/10','15/02/05','15/01/06',0,'11010');
insert into iboard values(bno.nextval,6,8,'게임 모집 41','게임 모집 합니다. 41',3,'15/01/10','15/02/05','15/01/06',0,'11010');
insert into iboard values(bno.nextval,6,8,'게임 모집 42','게임 모집 합니다. 42',3,'15/01/10','15/02/05','15/01/06',0,'11010');
insert into iboard values(bno.nextval,6,8,'게임 모집 43','게임 모집 합니다. 43',3,'15/01/10','15/02/05','15/01/06',0,'11010');
insert into iboard values(bno.nextval,6,8,'게임 모집 44','게임 모집 합니다. 44',3,'15/01/10','15/02/05','15/01/06',0,'11010');
insert into iboard values(bno.nextval,6,8,'게임 모집 45','게임 모집 합니다. 45',3,'15/01/10','15/02/05','15/01/06',0,'11010');
insert into iboard values(bno.nextval,6,8,'게임 모집 46','게임 모집 합니다. 46',3,'15/01/10','15/02/05','15/01/06',0,'11010');
insert into iboard values(bno.nextval,6,8,'게임 모집 47','게임 모집 합니다. 47',3,'15/01/10','15/02/05','15/01/06',0,'11010');
insert into iboard values(bno.nextval,6,8,'게임 모집 48','게임 모집 합니다. 48',3,'15/01/10','15/02/05','15/01/06',0,'11010');
insert into iboard values(bno.nextval,6,8,'게임 모집 49','게임 모집 합니다. 49',3,'15/01/10','15/02/05','15/01/06',0,'11010');
insert into iboard values(bno.nextval,6,8,'게임 모집 50','게임 모집 합니다. 50',3,'15/01/10','15/02/05','15/01/06',0,'11010');
insert into iboard values(bno.nextval,6,8,'게임 모집 51','게임 모집 합니다. 51',3,'15/01/10','15/02/05','15/01/06',0,'11010');
insert into iboard values(bno.nextval,6,8,'게임 모집 52','게임 모집 합니다. 52',3,'15/01/10','15/02/05','15/01/06',0,'11010');
insert into iboard values(bno.nextval,6,8,'게임 모집 53','게임 모집 합니다. 53',3,'15/01/10','15/02/05','15/01/06',0,'11010');
insert into iboard values(bno.nextval,6,8,'게임 모집 54','게임 모집 합니다. 54',3,'15/01/10','15/02/05','15/01/06',0,'11010');
insert into iboard values(bno.nextval,6,8,'게임 모집 55','게임 모집 합니다. 55',3,'15/01/10','15/02/05','15/01/06',0,'11010');
insert into iboard values(bno.nextval,6,8,'게임 모집 56','게임 모집 합니다. 56',3,'15/01/10','15/02/05','15/01/06',0,'11010');
insert into iboard values(bno.nextval,6,8,'게임 모집 57','게임 모집 합니다. 57',3,'15/01/10','15/02/05','15/01/06',0,'11010');
insert into iboard values(bno.nextval,6,8,'게임 모집 58','게임 모집 합니다. 58',3,'15/01/10','15/02/05','15/01/06',0,'11010');
insert into iboard values(bno.nextval,6,8,'게임 모집 59','게임 모집 합니다. 59',3,'15/01/10','15/02/05','15/01/06',0,'11010');
insert into iboard values(bno.nextval,6,8,'게임 모집 60','게임 모집 합니다. 60',3,'15/01/10','15/02/05','15/01/06',0,'11010');
insert into iboard values(bno.nextval,6,8,'게임 모집 61','게임 모집 합니다. 61',3,'15/01/10','15/02/05','15/01/06',0,'11010');
insert into iboard values(bno.nextval,6,8,'게임 모집 62','게임 모집 합니다. 62',3,'15/01/10','15/02/05','15/01/06',0,'11010');
insert into iboard values(bno.nextval,6,8,'게임 모집 63','게임 모집 합니다. 63',3,'15/01/10','15/02/05','15/01/06',0,'11010');
insert into iboard values(bno.nextval,6,8,'게임 모집 64','게임 모집 합니다. 64',3,'15/01/10','15/02/05','15/01/06',0,'11010');
insert into iboard values(bno.nextval,6,8,'게임 모집 65','게임 모집 합니다. 65',3,'15/01/10','15/02/05','15/01/06',0,'11010');
insert into iboard values(bno.nextval,6,8,'게임 모집 66','게임 모집 합니다. 66',3,'15/01/10','15/02/05','15/01/06',0,'11010');
insert into iboard values(bno.nextval,6,8,'게임 모집 67','게임 모집 합니다. 67',3,'15/01/10','15/02/05','15/01/06',0,'11010');
insert into iboard values(bno.nextval,6,8,'게임 모집 68','게임 모집 합니다. 68',3,'15/01/10','15/02/05','15/01/06',0,'11010');
insert into iboard values(bno.nextval,6,8,'게임 모집 69','게임 모집 합니다. 69',3,'15/01/10','15/02/05','15/01/06',0,'11010');
insert into iboard values(bno.nextval,6,8,'게임 모집 70','게임 모집 합니다. 70',3,'15/01/10','15/02/05','15/01/06',0,'11010');
insert into iboard values(bno.nextval,6,8,'게임 모집 71','게임 모집 합니다. 71',3,'15/01/10','15/02/05','15/01/06',0,'11010');
insert into iboard values(bno.nextval,6,8,'게임 모집 72','게임 모집 합니다. 72',3,'15/01/10','15/02/05','15/01/06',0,'11010');
insert into iboard values(bno.nextval,6,8,'게임 모집 73','게임 모집 합니다. 73',3,'15/01/10','15/02/05','15/01/06',0,'11010');
insert into iboard values(bno.nextval,6,8,'게임 모집 74','게임 모집 합니다. 74',3,'15/01/10','15/02/05','15/01/06',0,'11010');
insert into iboard values(bno.nextval,6,8,'게임 모집 75','게임 모집 합니다. 75',3,'15/01/10','15/02/05','15/01/06',0,'11010');
insert into iboard values(bno.nextval,6,8,'게임 모집 76','게임 모집 합니다. 76',3,'15/01/10','15/02/05','15/01/06',0,'11010');
insert into iboard values(bno.nextval,6,8,'게임 모집 77','게임 모집 합니다. 77',3,'15/01/10','15/02/05','15/01/06',0,'11010');
insert into iboard values(bno.nextval,6,8,'게임 모집 78','게임 모집 합니다. 78',3,'15/01/10','15/02/05','15/01/06',0,'11010');
insert into iboard values(bno.nextval,6,8,'게임 모집 79','게임 모집 합니다. 79',3,'15/01/10','15/02/05','15/01/06',0,'11010');
insert into iboard values(bno.nextval,6,8,'게임 모집 80','게임 모집 합니다. 80',3,'15/01/10','15/02/05','15/01/06',0,'11010');
insert into iboard values(bno.nextval,6,8,'게임 모집 81','게임 모집 합니다. 81',3,'15/01/10','15/02/05','15/01/06',0,'11010');
insert into iboard values(bno.nextval,6,8,'게임 모집 82','게임 모집 합니다. 82',3,'15/01/10','15/02/05','15/01/06',0,'11010');
insert into iboard values(bno.nextval,6,8,'게임 모집 83','게임 모집 합니다. 83',3,'15/01/10','15/02/05','15/01/06',0,'11010');
insert into iboard values(bno.nextval,6,8,'게임 모집 84','게임 모집 합니다. 84',3,'15/01/10','15/02/05','15/01/06',0,'11010');
insert into iboard values(bno.nextval,6,8,'게임 모집 85','게임 모집 합니다. 85',3,'15/01/10','15/02/05','15/01/06',0,'11010');
insert into iboard values(bno.nextval,6,8,'게임 모집 86','게임 모집 합니다. 86',3,'15/01/10','15/02/05','15/01/06',0,'11010');
insert into iboard values(bno.nextval,6,8,'게임 모집 87','게임 모집 합니다. 87',3,'15/01/10','15/02/05','15/01/06',0,'11010');
insert into iboard values(bno.nextval,6,8,'게임 모집 88','게임 모집 합니다. 88',3,'15/01/10','15/02/05','15/01/06',0,'11010');
insert into iboard values(bno.nextval,6,8,'게임 모집 89','게임 모집 합니다. 89',3,'15/01/10','15/02/05','15/01/06',0,'11010');
insert into iboard values(bno.nextval,6,8,'게임 모집 90','게임 모집 합니다. 90',3,'15/01/10','15/02/05','15/01/06',0,'11010');
insert into iboard values(bno.nextval,6,8,'게임 모집 91','게임 모집 합니다. 91',3,'15/01/10','15/02/05','15/01/06',0,'11010');
insert into iboard values(bno.nextval,6,8,'게임 모집 92','게임 모집 합니다. 92',3,'15/01/10','15/02/05','15/01/06',0,'11010');
insert into iboard values(bno.nextval,6,8,'게임 모집 93','게임 모집 합니다. 93',3,'15/01/10','15/02/05','15/01/06',0,'11010');
insert into iboard values(bno.nextval,6,8,'게임 모집 94','게임 모집 합니다. 94',3,'15/01/10','15/02/05','15/01/06',0,'11010');
insert into iboard values(bno.nextval,6,8,'게임 모집 95','게임 모집 합니다. 95',3,'15/01/10','15/02/05','15/01/06',0,'11010');
insert into iboard values(bno.nextval,6,8,'게임 모집 96','게임 모집 합니다. 96',3,'15/01/10','15/02/05','15/01/06',0,'11010');
insert into iboard values(bno.nextval,6,8,'게임 모집 97','게임 모집 합니다. 97',3,'15/01/10','15/02/05','15/01/06',0,'11010');
insert into iboard values(bno.nextval,6,8,'게임 모집 98','게임 모집 합니다. 98',3,'15/01/10','15/02/05','15/01/06',0,'11010');
insert into iboard values(bno.nextval,6,8,'게임 모집 99','게임 모집 합니다. 99',3,'15/01/10','15/02/05','15/01/06',0,'11010');
insert into iboard values(bno.nextval,6,8,'게임 모집 100','게임 모집 합니다. 100',3,'15/01/10','15/02/05','15/01/06',0,'11010');

 
 
select * from iboard;
 
// ------------------------------------------
drop sequence bcno;
create sequence bcno increment by 1 start with 1; 
 
insert into bcomment
values(bcno.nextval,1,2,'자력 갱생 동참합니다.','15/01/03');
insert into bcomment
values(bcno.nextval,1,3,'저도 동참합니다.','15/01/04');
insert into bcomment
values(bcno.nextval,1,4,'함께 합니다.','15/01/05');
 
select * from bcomment;
 
// ---------------------------------------------
drop sequence gno;
create sequence gno increment by 1 start with 1; 
 
insert into ggroup
values(gno.nextval,'자바63기','사물지능통신 전문가 양성과정.','15/01/09');
insert into ggroup
values(gno.nextval,'극악등산회','죽거나, 살거나, 오르거나 ','15/01/04');
insert into ggroup
values(gno.nextval,'노모에효도하는유모','노모를 매우 아끼는 그룹.','15/01/04');
insert into ggroup
values(gno.nextval,'꽃동산교회','함께 합니다.','15/01/04');
insert into ggroup
values(gno.nextval,'을지로 길거리 봉사회 3기','을지로역 노숙자 봉사활동 3차','15/01/11');
insert into ggroup
values(gno.nextval,'(여의도)정기 보드 라이딩','SK8과 함께하는 정기 라이딩','15/02/01');
insert into ggroup
values(gno.nextval,'@@@@공유공유@@@@','비공개 공유방~~!!!','15/01/07');
insert into ggroup
values(gno.nextval,'사랑의 김치담굼 프로젝트','비트 아카데미에서 주관하는, 독거노인을 위한 김치담굼 봉사활동입니다.','15/02/03');
insert into ggroup
values(gno.nextval,'삼성아카테미 2기','삼성과 마이크로소프트의 window 프로그래밍 강연입니다.','15/02/05');
 
select * from ggroup;

delete gmembers;
 
// ---------------------------------------------
drop sequence grouping_no;
create sequence grouping_no increment by 1 start with 1; 
 
insert into gmembers
values(grouping_no.nextval,1,1,0,'#f3f3f3');
insert into gmembers
values(grouping_no.nextval,2,2,0,'#f3f3f3');
insert into gmembers
values(grouping_no.nextval,3,3,0,'#f3f3f3');
insert into gmembers
values(grouping_no.nextval,2,1,1,'#f3f3f3');
insert into gmembers
values(grouping_no.nextval,3,1,0,'#f3f3f3');
insert into gmembers
values(grouping_no.nextval,3,5,1,'#f3f3f3');
insert into gmembers
values(grouping_no.nextval,5,5,0,'#f3f3f3');
insert into gmembers
values(grouping_no.nextval,7,5,0,'#f3f3f3');
 
select * from gmembers;

// ---------------------------------------------그룹 일정
drop sequence calendarno;
create sequence calendarno increment by 1 start with 1; 

insert into gschedule
values(calendarno.nextval , 3 , '2015/02/15' , '아야카 어머님 방문');

insert into gschedule
values(calendarno.nextval , 3 , '2015/02/16' , '아사쿠라 유 기자 효도 취재');

insert into gschedule
values(calendarno.nextval , 5 , '2015/01/20' , '11시) 정기 봉사활동');

insert into gschedule
values(calendarno.nextval , 7 , '2015/03/04' , '저녁 7시) 호프호프에서 정기모임');

insert into gschedule
values(calendarno.nextval , 5 , '2015/01/27' , '11시) 정기 봉사활동');

insert into gschedule
values(calendarno.nextval , 3 , '2015/01/18' , '긴급효도) 후후후 모임');

insert into gschedule
values(calendarno.nextval , 5 , '2015/02/06' , '11시) 정기 봉사활동');

select * from gschedule;
































